<?xml version="1.0" encoding="UTF-8"?>
<cuisine version="5.0" xml:id="livre_simple" xml:lang="fr-FR" xmlns="http://docbook.org/ns/docbook" xmlns:ns="http://docbook.org/ns/docbook">
  <title> Recettes de cuisine</title>

  <recette1 niveau = " moyen" temps="30 mimn">
   <title>Recette pour la preparation du spaghetti </title>
      <ingredients>
        <ingr1>250g de spaghethi</ingr1>
        <ingr2>une boite de tomate</ingr2>
        <ingr3>oignon</ingr3>
        <ingr4>epices</ingr4>
        <ingr5>huile</ingr5>
        <ingr6>piment</ingr6>
      </ingredients>
      <elementsNecessaires>
        <element1>casserole</element1>
        <element2>four</element2>
        <element3>passoire</element3>
      </elementsNecessaires>
  </recette1>


  <recette2 niveau = " moyen" temps = "50 min">
    <title>Recette pour la preparation du riz au gras </title>
      <ingredient>
        <ingr1>farine</ingr1>
        <ingr2>sucre</ingr2>
        <ingr3>lait</ingr3>
        <ingr4>eau</ingr4>
  </ingredient>
  <elementsNecessaires>
     <element1>casserole</element1>
     <element2>four</element2>
     <element3>spatule</element3>
  </elementsNecessaires>

  
  </recette2>

  <recette3 niveau = "moyen" temps = "40 min">
    <title>Recette pour la preparation de la salade </title>
      <ingredient>
        <ingr1>250g de spaghethi</ingr1>
        <ingr2>tomate fraiche</ingr2>
        <ingr3>oignon</ingr3>
        <ingr4>mayonnaise</ingr4>
        <ingr5>huile</ingr5>
        <ingr6>sardine</ingr6>
        <ingr7>oeufs</ingr7>
        <ingr8>eau</ingr8>

    
  </ingredient>
  <elementsNecessaires>
     <element1>casserole</element1>
     <element2>four</element2>
     <element3></element3>
  </elementsNecessaires>

  </recette3>
</cuisine>
