<?xml version="1.0" encoding="UTF-8"?>
<footballeurs 
    xmlns:personne="../footballeurs.xml"
    xmlns:club="../clubs.xml">

    <footballeur numero = "1">
        <personne:nom>Lilian Thuram</personne:nom>
        <club:nom id = "C1" annee = "1990-1996">AS Monaco</club:nom>
        <club:nom id = "C2" annee = "2006-2008">FC Barcelone</club:nom>
    </footballeur>
    <footballeur>
        <personne:nom>Antoine Griezmann</personne:nom>
        <club:nom id = "C2" annee = "2019-2021">Fc Barcelone</club:nom>
    </footballeur>
</footballeurs>