<?xml version="1.0" encoding="UTF-8"?>
<book version="5.0" xml:id="livre_simple" xml:lang="fr-FR" xmlns="http://docbook.org/ns/docbook" xmlns:ns="http://docbook.org/ns/docbook">
<title>La terre</title>
<couches>
        <couche1> croute terrestre
            <sorte1 densite = "3" epaisseur = "6 km" nature = "basalte" >croute oceanique</sorte1>
            <sorte2 densite = "2,7" epaisseur = "35 km" nature = "granite">croute continentale</sorte2>
        </couche1>
        <couche2 epaisseur = "650 km" constitution = "olive, pyroxene" densite = "3,3">manteau superieur</couche2>
        <couche3 epaisseur = "2200 km" constitution = "perovskite" densite = "10">manteau inferieur</couche3>
        <couche4 epaisseur = " 200 km" nature = "fet et nickel">noyau externe</couche4>
        <couche5 nom = "graine" epaisseur = "1200 km" nature = "fer">noyau interne</couche5>
</couches>
</book>
