<?xml version="1.0" encoding="UTF-8"?>
<terre version="5.0" xml:id="livre_simple" xml:lang="fr-FR" xmlns="http://docbook.org/ns/docbook" xmlns:ns="http://docbook.org/ns/docbook">
<title>
<couches>
    <couche1>
    croute terrestre
        <sorte1> 
        croute oceannique
            <densite>3</densite>
            <epaisseur>6 km</epaisseur>
            <nature>basalte</nature>
        </sorte1>
        <sorte2>
            croute continentale
            <epaisseur>35 km</epaisseur>
            <densite>2,7</densite>
            <nature>granite</nature>
        </sorte2>
    </couche1>
    <couche2>
    manteau superieur
        <epaisseur>650 km</epaisseur>
        <constitution>olive et pyroxene</constitution>
        <densite>3,3</densite>
    </couche2>
    <couche3>
    manteau inferieur
        <epaisseur>2200 km</epaisseur>
        <constitution>perovskite</constitution>
        <densite>6</densite>
    </couche3>
    <couche4>
    noyau externe
        <densite>10</densite>
        <epaisseur>200 km</epaisseur>
        <constitution>fer et nickel</constitution>
    </couche4>
    <couche5>
    noyau interne
        <rayon>1200 km</rayon>
        <nature>fer</nature>
        <constitution>13</constitution>
        <nom>graine</nom>
    </couche5> 
    </couches>  
</title>
</terre>